dap,ndvi,gdd_cum,temp_c,precip_mm,rh_pct
38,0.526,626.5,18.4,0.0,76.9
39,0.533,632.6,18.0,0.0,74.4
40,0.537,638.9,17.7,6.9,67.0
41,0.543,646.8,18.2,3.9,73.5
42,0.554,652.9,17.7,0.5,67.5
43,0.559,659.8,17.3,0.0,78.0
44,0.567,667.0,16.4,0.0,65.4
45,0.572,675.0,15.8,0.8,78.1
46,0.58,681.9,16.0,5.4,69.9
47,0.588,689.5,15.7,20.2,92.4
48,0.599,695.8,14.7,20.6,91.8
49,0.606,702.0,14.8,6.2,77.8
50,0.578,708.9,14.6,0.0,62.8
51,0.554,716.3,14.8,0.0,65.6
52,0.532,724.3,13.5,0.0,63.6
53,0.541,733.2,14.8,0.4,73.3
54,0.549,739.3,14.4,0.0,66.8
55,0.554,747.6,14.1,0.0,73.4
56,0.564,753.8,14.9,3.6,85.2
57,0.573,762.4,15.0,2.0,72.6
58,0.584,771.3,15.2,0.0,69.6
59,0.589,778.8,16.3,0.2,64.1
60,0.596,785.9,16.7,25.3,94.8
61,0.604,793.7,17.3,0.0,85.6
62,0.613,802.4,17.8,1.7,73.6
63,0.618,810.3,17.0,0.0,69.0
64,0.623,817.3,17.2,0.0,67.6
65,0.628,824.4,17.3,7.5,78.7
66,0.633,831.1,17.9,1.4,66.9
67,0.643,840.1,18.1,2.8,66.1
